area_code,area_name,population
00000,全国,126226568
01000,北海道,5228885
01100,札幌市,1975065
01101,札幌市中央区,248840
01102,札幌市北区,289667
01103,札幌市東区,265536
01104,札幌市白石区,212001
01105,札幌市豊平区,225482
01106,札幌市南区,135966
01107,札幌市西区,217230
01108,札幌市厚別区,125182
01109,札幌市手稲区,142712
01110,札幌市清田区,112449
01202,函館市,251271
01203,小樽市,111422
01204,旭川市,329513
01205,室蘭市,82457
01206,釧路市,165230
01207,帯広市,166690
01208,北見市,115608
01209,夕張市,7341
01210,岩見沢市,79424
01211,網走市,35783
01212,留萌市,20123
01213,苫小牧市,170234
01214,稚内市,33584
01215,美唄市,20430
01216,芦別市,12578
01217,江別市,121145
01218,赤平市,9707
01219,紋別市,21224
01220,士別市,17872
01221,名寄市,27289
01222,三笠市,8038
01223,根室市,24669
01224,千歳市,98019
01225,滝川市,39533
01226,砂川市,16506
01227,歌志内市,2989
01228,深川市,20062
01229,富良野市,21156
01230,登別市,46447
01231,恵庭市,70378
01233,伊達市,32857
01234,北広島市,58234
01235,石狩市,56934
01236,北斗市,44331
01303,当別町,15921
01304,新篠津村,3046
01331,松前町,6260
01332,福島町,3794
01333,知内町,4167
01334,木古内町,3836
01337,七飯町,27707
01343,鹿部町,3762
01345,森町,14343
01346,八雲町,15844
01347,長万部町,5113
01361,江差町,7435
01362,上ノ国町,4308
01363,厚沢部町,3593
01364,乙部町,3406
01367,奥尻町,2412
01370,今金町,5076
01371,せたな町,7405
01391,島牧村,1352
01392,寿都町,2837
01393,黒松内町,2793
01394,蘭越町,4573
01395,ニセコ町,5077
01396,真狩村,2046
01397,留寿都村,1909
01398,喜茂別町,2155
01399,京極町,2942
01400,倶知安町,15137
01401,共和町,5775
01402,岩内町,11654
01403,泊村,1572
01404,神恵内村,870
01405,積丹町,1831
01406,古平町,2755
01407,仁木町,3182
01408,余市町,18012
01409,赤井川村,1165
01423,南幌町,7328
01424,奈井江町,5122
01425,上砂川町,2847
01427,由仁町,4818
01428,長沼町,10300
01429,栗山町,11262
01430,月形町,3692
01431,浦臼町,1725
01432,新十津川町,6486
01433,妹背牛町,2696
01434,秩父別町,2330
01436,雨竜町,2392
01437,北竜町,1711
01438,沼田町,2903
01452,鷹栖町,6572
01453,東神楽町,10141
01454,当麻町,6326
01455,比布町,3520
01456,愛別町,2610
01457,上川町,3502
01458,東川町,8315
01459,美瑛町,9717
01460,上富良野町,10353
01461,中富良野町,4741
01462,南富良野町,2376
01463,占冠村,1307
01464,和寒町,3193
01465,剣淵町,2927
01468,下川町,3127
01469,美深町,4147
01470,音威子府村,706
01471,中川町,1528
01472,幌加内町,1371
01481,増毛町,3912
01482,小平町,2998
01483,苫前町,2936
01484,羽幌町,6551
01485,初山別村,1080
01486,遠別町,2521
01487,天塩町,2950
01511,猿払村,2612
01512,浜頓別町,3454
01513,中頓別町,1638
01514,枝幸町,7579
01516,豊富町,3975
01517,礼文町,2510
01518,利尻町,2005
01519,利尻富士町,2457
01520,幌延町,2373
01543,美幌町,18705
01544,津別町,4369
01545,斜里町,11443
01546,清里町,3888
01547,小清水町,4621
01549,訓子府町,4682
01550,置戸町,2776
01552,佐呂間町,4879
01555,遠軽町,19250
01559,湧別町,8275
01560,滝上町,2421
01561,興部町,3629
01562,西興部村,1052
01563,雄武町,4204
01564,大空町,6821
01571,豊浦町,3824
01575,壮瞥町,2749
01578,白老町,16225
01581,厚真町,4439
01584,洞爺湖町,8453
01585,安平町,7343
01586,むかわ町,7650
01601,日高町,11289
01602,平取町,4760
01604,新冠町,5315
01607,浦河町,12083
01608,様似町,4045
01609,えりも町,4376
01610,新ひだか町,21522
01631,音更町,43613
01632,士幌町,5854
01633,上士幌町,4770
01634,鹿追町,5270
01635,新得町,5817
01636,清水町,9106
01637,芽室町,18078
01638,中札内村,3891
01639,更別村,3080
01641,大樹町,5424
01642,広尾町,6388
01643,幕別町,25778
01644,池田町,6299
01645,豊頃町,3020
01646,本別町,6624
01647,足寄町,6562
01648,陸別町,2265
01649,浦幌町,4389
01661,釧路町,19115
01662,厚岸町,8893
01663,浜中町,5511
01664,標茶町,7230
01665,弟子屈町,6961
01667,鶴居村,2564
01668,白糠町,7294
01691,別海町,14382
01692,中標津町,23023
01693,標津町,5025
01694,羅臼町,4721
02000,青森県,1238730
02201,青森市,275340
02202,弘前市,168564
02203,八戸市,223529
02204,黒石市,31972
02205,五所川原市,51435
02206,十和田市,60420
02207,三沢市,39181
02208,むつ市,54122
02209,つがる市,30979
02210,平川市,30621
02301,平内町,10129
02303,今別町,2335
02304,蓬田村,2543
02307,外ヶ浜町,5410
02321,鰺ヶ沢町,9047
02323,深浦町,7346
02343,西目屋村,1265
02361,藤崎町,14578
02362,大鰐町,8671
02367,田舎館村,7328
02381,板柳町,12712
02384,鶴田町,12077
02387,中泊町,9663
02401,野辺地町,12389
02402,七戸町,14564
02405,六戸町,10456
02406,横浜町,4231
02408,東北町,16441
02411,六ヶ所村,10369
02412,おいらせ町,24282
02423,大間町,4718
02424,東通村,5956
02425,風間浦村,1633
02426,佐井村,1788
02441,三戸町,9090
02442,五戸町,16051
02443,田子町,4970
02445,南部町,16822
02446,階上町,13506
02450,新郷村,2197
03000,岩手県,1211206
03201,盛岡市,289893
03202,宮古市,50401
03203,大船渡市,34739
03205,花巻市,93234
03206,北上市,93089
03207,久慈市,33063
03208,遠野市,25381
03209,一関市,111970
03210,陸前高田市,18271
03211,釜石市,32096
03213,二戸市,25528
03214,八幡平市,24042
03215,奥州市,113027
03216,滝沢市,55600
03301,雫石町,15742
03302,葛巻町,5638
03303,岩手町,12294
03321,紫波町,32166
03322,矢巾町,28076
03366,西和賀町,5137
03381,金ケ崎町,15545
03402,平泉町,7258
03441,住田町,5050
03461,大槌町,11013
03482,山田町,14332
03483,岩泉町,8732
03484,田野畑村,3059
03485,普代村,2489
03501,軽米町,8423
03503,野田村,3938
03506,九戸村,5376
03507,洋野町,15098
03524,一戸町,11506
04000,宮城県,2303487
04100,仙台市,1097196
04101,仙台市青葉区,311757
04102,仙台市宮城野区,196813
04103,仙台市若林区,141531
04104,仙台市太白区,234875
04105,仙台市泉区,212220
04202,石巻市,140237
04203,塩竈市,52249
04205,気仙沼市,61171
04206,白石市,32734
04207,名取市,78757
04208,角田市,27996
04209,多賀城市,63276
04211,岩沼市,44091
04212,登米市,76103
04213,栗原市,64686
04214,東松島市,39121
04215,大崎市,127381
04216,富谷市,51659
04301,蔵王町,11428
04302,七ヶ宿町,1262
04321,大河原町,23575
04322,村田町,10670
04323,柴田町,38264
04324,川崎町,8353
04341,丸森町,12268
04361,亘理町,33098
04362,山元町,12051
04401,松島町,13341
04404,七ヶ浜町,18136
04406,利府町,35189
04421,大和町,28786
04422,大郷町,7825
04424,大衡村,5849
04444,色麻町,6709
04445,加美町,21952
04501,涌谷町,15401
04505,美里町,24011
04581,女川町,6432
04606,南三陸町,12230
05000,秋田県,960113
05201,秋田市,307885
05202,能代市,50005
05203,横手市,85584
05204,大館市,69280
05206,男鹿市,25175
05207,湯沢市,42096
05209,鹿角市,29107
05210,由利本荘市,74763
05211,潟上市,31743
05212,大仙市,77715
05213,北秋田市,30217
05214,にかほ市,23455
05215,仙北市,24629
05303,小坂町,4780
05327,上小阿仁村,2069
05346,藤里町,2898
05348,三種町,15266
05349,八峰町,6582
05361,五城目町,8544
05363,八郎潟町,5582
05366,井川町,4570
05368,大潟村,3014
05434,美郷町,18625
05463,羽後町,13822
05464,東成瀬村,2707
06000,山形県,1068696
06201,山形市,247747
06202,米沢市,81326
06203,鶴岡市,122454
06204,酒田市,100320
06205,新庄市,34445
06206,寒河江市,40208
06207,上山市,29139
06208,村山市,22537
06209,長井市,26564
06210,天童市,62166
06211,東根市,47725
06212,尾花沢市,14984
06213,南陽市,30437
06301,山辺町,13732
06302,中山町,10751
06321,河北町,17649
06322,西川町,4965
06323,朝日町,6371
06324,大江町,7650
06341,大石田町,6581
06361,金山町,5074
06362,最上町,8097
06363,舟形町,5007
06364,真室川町,7205
06365,大蔵村,3030
06366,鮭川村,3904
06367,戸沢村,4203
06381,高畠町,22471
06382,川西町,14541
06401,小国町,7108
06402,白鷹町,12897
06403,飯豊町,6615
06426,三川町,7600
06428,庄内町,20160
06461,遊佐町,13033
07000,福島県,1834198
07201,福島市,282802
07202,会津若松市,117433
07203,郡山市,327872
07204,いわき市,333202
07205,白河市,59531
07207,須賀川市,75039
07208,喜多方市,44810
07209,相馬市,34884
07210,二本松市,53593
07211,田村市,35192
07212,南相馬市,59053
07213,伊達市,58250
07214,本宮市,30240
07301,桑折町,11464
07303,国見町,8641
07308,川俣町,12186
07322,大玉村,8904
07342,鏡石町,12316
07344,天栄村,5198
07362,下郷町,5267
07364,檜枝岐村,507
07367,只見町,4041
07368,南会津町,14453
07402,北塩原村,2554
07405,西会津町,5765
07407,磐梯町,3332
07408,猪苗代町,13559
07421,会津坂下町,15068
07422,湯川村,3082
07423,柳津町,3087
07444,三島町,1457
07445,金山町,1867
07446,昭和村,1247
07447,会津美里町,19030
07461,西郷村,20809
07464,泉崎村,6214
07465,中島村,4889
07466,矢吹町,17307
07481,棚倉町,13330
07482,矢祭町,5404
07483,塙町,8321
07484,鮫川村,3058
07501,石川町,14655
07502,玉川村,6403
07503,平田村,5830
07504,浅川町,6041
07505,古殿町,4826
07521,三春町,17026
07522,小野町,9482
07541,広野町,5408
07542,楢葉町,3700
07543,富岡町,2130
07544,川内村,2046
07545,大熊町,847
07546,双葉町,
07547,浪江町,1896
07548,葛尾村,421
07561,新地町,7910
07564,飯舘村,1319
08000,茨城県,2868554
08201,水戸市,270810
08202,日立市,174635
08203,土浦市,142160
08204,古河市,139396
08205,石岡市,73160
08207,結城市,50627
08208,龍ケ崎市,76455
08210,下妻市,42554
08211,常総市,60890
08212,常陸太田市,48630
08214,高萩市,27722
08215,北茨城市,41836
08216,笠間市,73241
08217,取手市,104545
08219,牛久市,84677
08220,つくば市,241785
08221,ひたちなか市,156664
08222,鹿嶋市,66965
08223,潮来市,27624
08224,守谷市,68426
08225,常陸大宮市,39294
08226,那珂市,53530
08227,筑西市,100819
08228,坂東市,52292
08229,稲敷市,39079
08230,かすみがうら市,40114
08231,桜川市,39159
08232,神栖市,95466
08233,行方市,32215
08234,鉾田市,45973
08235,つくばみらい市,49898
08236,小美玉市,48902
08302,茨城町,31417
08309,大洗町,15725
08310,城里町,18109
08341,東海村,37900
08364,大子町,15744
08442,美浦村,14611
08443,阿見町,48578
08447,河内町,8233
08521,八千代町,21034
08542,五霞町,8100
08546,境町,24208
08564,利根町,15352
09000,栃木県,1934016
09201,宇都宮市,519026
09202,足利市,144796
09203,栃木市,155628
09204,佐野市,116220
09205,鹿沼市,94074
09206,日光市,77651
09208,小山市,166791
09209,真岡市,78221
09210,大田原市,72123
09211,矢板市,31175
09213,那須塩原市,115282
09214,さくら市,44541
09215,那須烏山市,24886
09216,下野市,59479
09301,上三川町,30810
09342,益子町,21906
09343,茂木町,11899
09344,市貝町,11259
09345,芳賀町,14968
09361,壬生町,39509
09364,野木町,24906
09384,塩谷町,10366
09386,高根沢町,29253
09407,那須町,24021
09411,那珂川町,15226
10000,群馬県,1940333
10201,前橋市,332332
10202,高崎市,373218
10203,桐生市,106524
10204,伊勢崎市,211975
10205,太田市,223150
10206,沼田市,45382
10207,館林市,75335
10208,渋川市,74614
10209,藤岡市,63299
10210,富岡市,47470
10211,安中市,54962
10212,みどり市,49663
10344,榛東村,14222
10345,吉岡町,21817
10366,上野村,1128
10367,神流町,1645
10382,下仁田町,6583
10383,南牧村,1612
10384,甘楽町,12481
10421,中之条町,15396
10424,長野原町,5102
10425,嬬恋村,8861
10426,草津町,6070
10428,高山村,3518
10429,東吾妻町,12741
10443,片品村,3994
10444,川場村,3485
10448,昭和村,6962
10449,みなかみ町,17233
10464,玉村町,36073
10521,板倉町,14101
10522,明和町,10884
10523,千代田町,10857
10524,大泉町,42107
10525,邑楽町,25537
11000,埼玉県,7346836
11100,さいたま市,1324591
11101,さいたま市西区,93512
11102,さいたま市北区,149303
11103,さいたま市大宮区,117875
11104,さいたま市見沼区,165105
11105,さいたま市中央区,103321
11106,さいたま市桜区,98718
11107,さいたま市浦和区,164851
11108,さいたま市南区,191635
11109,さいたま市緑区,128399
11110,さいたま市岩槻区,111872
11201,川越市,354680
11202,熊谷市,194439
11203,川口市,594461
11206,行田市,78671
11207,秩父市,59706
11208,所沢市,342535
11209,飯能市,80391
11210,加須市,111702
11211,本庄市,78623
11212,東松山市,91838
11214,春日部市,229767
11215,狭山市,148712
11216,羽生市,52879
11217,鴻巣市,116864
11218,深谷市,141336
11219,上尾市,227020
11221,草加市,248037
11222,越谷市,341765
11223,蕨市,74326
11224,戸田市,140868
11225,入間市,145723
11227,朝霞市,141036
11228,志木市,75377
11229,和光市,83997
11230,新座市,166104
11231,桶川市,74778
11232,久喜市,150599
11233,北本市,65228
11234,八潮市,93412
11235,富士見市,111881
11237,三郷市,142177
11238,蓮田市,61530
11239,坂戸市,100300
11240,幸手市,50095
11241,鶴ヶ島市,70198
11242,日高市,54591
11243,吉川市,72028
11245,ふじみ野市,113640
11246,白岡市,52223
11301,伊奈町,44848
11324,三芳町,38452
11326,毛呂山町,35379
11327,越生町,11042
11341,滑川町,19682
11342,嵐山町,17904
11343,小川町,28536
11346,川島町,19398
11347,吉見町,18196
11348,鳩山町,13581
11349,ときがわ町,10547
11361,横瀬町,7981
11362,皆野町,9305
11363,長瀞町,6809
11365,小鹿野町,10890
11369,東秩父村,2710
11381,美里町,11040
11383,神川町,13380
11385,上里町,30347
11408,寄居町,32386
11442,宮代町,34163
11464,杉戸町,43860
11465,松伏町,28272
12000,千葉県,6287034
12100,千葉市,975210
12101,千葉市中央区,211734
12102,千葉市花見川区,177408
12103,千葉市稲毛区,160684
12104,千葉市若葉区,146976
12105,千葉市緑区,129467
12106,千葉市美浜区,148941
12202,銚子市,58478
12203,市川市,496943
12204,船橋市,642972
12205,館山市,45177
12206,木更津市,136224
12207,松戸市,498293
12208,野田市,152674
12210,茂原市,86821
12211,成田市,132998
12212,佐倉市,168858
12213,東金市,58248
12215,旭市,63788
12216,習志野市,176306
12217,柏市,426552
12218,勝浦市,16938
12219,市原市,269653
12220,流山市,199960
12221,八千代市,199597
12222,我孫子市,130590
12223,鴨川市,32149
12224,鎌ケ谷市,109989
12225,君津市,82249
12226,富津市,42508
12227,浦安市,171424
12228,四街道市,93632
12229,袖ケ浦市,63906
12230,八街市,67480
12231,印西市,102651
12232,白井市,62470
12233,富里市,49762
12234,南房総市,35844
12235,匝瑳市,35099
12236,香取市,72427
12237,山武市,48462
12238,いすみ市,35571
12239,大網白里市,48155
12322,酒々井町,20760
12329,栄町,20140
12342,神崎町,5820
12347,多古町,13748
12349,東庄町,13235
12403,九十九里町,14644
12409,芝山町,7042
12410,横芝光町,22091
12421,一宮町,11900
12422,睦沢町,6768
12423,長生村,13808
12424,白子町,10311
12426,長柄町,6725
12427,長南町,7205
12441,大多喜町,8899
12443,御宿町,6882
12463,鋸南町,6998
13000,東京都,14064696
13100,特別区部,9744534
13101,千代田区,66758
13102,中央区,169318
13103,港区,260851
13104,新宿区,349743
13105,文京区,240297
13106,台東区,211779
13107,墨田区,272190
13108,江東区,524547
13109,品川区,422795
13110,目黒区,288501
13111,大田区,748291
13112,世田谷区,948147
13113,渋谷区,244067
13114,中野区,345089
13115,杉並区,592241
13116,豊島区,302098
13117,北区,355501
13118,荒川区,217713
13119,板橋区,584403
13120,練馬区,753045
13121,足立区,695530
13122,葛飾区,453441
13123,江戸川区,698189
13201,八王子市,579605
13202,立川市,187089
13203,武蔵野市,150102
13204,三鷹市,195558
13205,青梅市,133587
13206,府中市,262932
13207,昭島市,114053
13208,調布市,242721
13209,町田市,431525
13210,小金井市,126253
13211,小平市,198977
13212,日野市,190261
13213,東村山市,151941
13214,国分寺市,129353
13215,国立市,77167
13218,福生市,56443
13219,狛江市,84807
13220,東大和市,83952
13221,清瀬市,76258
13222,東久留米市,115227
13223,武蔵村山市,70863
13224,多摩市,147169
13225,稲城市,93171
13227,羽村市,54341
13228,あきる野市,79366
13229,西東京市,207389
13303,瑞穂町,31774
13305,日の出町,17048
13307,檜原村,2003
13308,奥多摩町,4752
13361,大島町,7104
13362,利島村,327
13363,新島村,2441
13364,神津島村,1857
13381,三宅村,2274
13382,御蔵島村,323
13401,八丈町,7048
13402,青ヶ島村,169
13421,小笠原村,2932
14000,神奈川県,9240411
14100,横浜市,3778318
14101,横浜市鶴見区,297555
14102,横浜市神奈川区,247322
14103,横浜市西区,104917
14104,横浜市中区,151388
14105,横浜市南区,198054
14106,横浜市保土ケ谷区,207816
14107,横浜市磯子区,166795
14108,横浜市金沢区,199033
14109,横浜市港北区,358678
14110,横浜市戸塚区,283908
14111,横浜市港南区,215196
14112,横浜市旭区,245272
14113,横浜市緑区,183147
14114,横浜市瀬谷区,122671
14115,横浜市栄区,120263
14116,横浜市泉区,152452
14117,横浜市青葉区,310699
14118,横浜市都筑区,213152
14130,川崎市,1539081
14131,川崎市川崎区,233228
14132,川崎市幸区,171188
14133,川崎市中原区,263785
14134,川崎市高津区,234342
14135,川崎市多摩区,221853
14136,川崎市宮前区,233796
14137,川崎市麻生区,180889
14150,相模原市,725302
14151,相模原市緑区,170139
14152,相模原市中央区,273651
14153,相模原市南区,281512
14201,横須賀市,388504
14203,平塚市,258524
14204,鎌倉市,172821
14205,藤沢市,437155
14206,小田原市,188986
14207,茅ヶ崎市,242603
14208,逗子市,56981
14210,三浦市,42098
14211,秦野市,162579
14212,厚木市,223747
14213,大和市,239269
14214,伊勢原市,101839
14215,海老名市,136581
14216,座間市,132180
14217,南足柄市,40859
14218,綾瀬市,83964
14301,葉山町,31627
14321,寒川町,48366
14341,大磯町,31673
14342,二宮町,27578
14361,中井町,9299
14362,大井町,17138
14363,松田町,10840
14364,山北町,9773
14366,開成町,18333
14382,箱根町,11303
14383,真鶴町,6725
14384,湯河原町,23433
14401,愛川町,39894
14402,清川村,3038
15000,新潟県,2202358
15100,新潟市,789715
15101,新潟市北区,72847
15102,新潟市東区,134527
15103,新潟市中央区,180432
15104,新潟市江南区,68001
15105,新潟市秋葉区,75094
15106,新潟市南区,43483
15107,新潟市西区,160742
15108,新潟市西蒲区,54589
15202,長岡市,267115
15204,三条市,94679
15205,柏崎市,81549
15206,新発田市,94976
15208,小千谷市,34102
15209,加茂市,25449
15210,十日町市,49834
15211,見附市,39252
15212,村上市,57444
15213,燕市,77234
15216,糸魚川市,40778
15217,妙高市,30402
15218,五泉市,47650
15222,上越市,188119
15223,阿賀野市,40708
15224,佐渡市,51513
15225,魚沼市,34501
15226,南魚沼市,54876
15227,胎内市,28527
15307,聖籠町,14266
15342,弥彦村,7708
15361,田上町,11231
15385,阿賀町,9970
15405,出雲崎町,4114
15461,湯沢町,7770
15482,津南町,8992
15504,刈羽村,4384
15581,関川村,5147
15586,粟島浦村,353
16000,富山県,1035612
16201,富山市,414171
16202,高岡市,166513
16204,魚津市,40585
16205,氷見市,43995
16206,滑川市,32379
16207,黒部市,39647
16208,砺波市,48191
16209,小矢部市,29018
16210,南砺市,47976
16211,射水市,90807
16321,舟橋村,3133
16322,上市町,19367
16323,立山町,24862
16342,入善町,23875
16343,朝日町,11093
17000,石川県,1133294
17201,金沢市,463583
17202,七尾市,50336
17203,小松市,106292
17204,輪島市,24633
17205,珠洲市,12934
17206,加賀市,63263
17207,羽咋市,20429
17209,かほく市,34911
17210,白山市,110497
17211,能美市,48547
17212,野々市市,57260
17324,川北町,6143
17361,津幡町,36966
17365,内灘町,26588
17384,志賀町,18641
17386,宝達志水町,12129
17407,中能登町,16552
17461,穴水町,7897
17463,能登町,15693
18000,福井県,767433
18201,福井市,262501
18202,敦賀市,64302
18204,小浜市,29019
18205,大野市,31324
18206,勝山市,22180
18207,鯖江市,68363
18208,あわら市,27539
18209,越前市,80667
18210,坂井市,88533
18322,永平寺町,18980
18382,池田町,2424
18404,南越前町,10009
18423,越前町,20126
18442,美浜町,9202
18481,高浜町,10332
18483,おおい町,7913
18501,若狭町,14019
19000,山梨県,810427
19201,甲府市,189742
19202,富士吉田市,46552
19204,都留市,31023
19205,山梨市,33465
19206,大月市,22525
19207,韮崎市,29082
19208,南アルプス市,69494
19209,北杜市,44096
19210,甲斐市,75343
19211,笛吹市,66979
19212,上野原市,22677
19213,甲州市,29259
19214,中央市,31235
19346,市川三郷町,14710
19364,早川町,1098
19365,身延町,10655
19366,南部町,7157
19368,富士川町,14225
19384,昭和町,20916
19422,道志村,1608
19423,西桂町,4041
19424,忍野村,9236
19425,山中湖村,5178
19429,鳴沢村,2834
19430,富士河口湖町,26084
19442,小菅村,684
19443,丹波山村,529
20000,長野県,2049683
20201,長野市,373251
20202,松本市,241337
20203,上田市,154155
20204,岡谷市,47820
20205,飯田市,98206
20206,諏訪市,48774
20207,須坂市,49583
20208,小諸市,41008
20209,伊那市,66111
20210,駒ヶ根市,32218
20211,中野市,42361
20212,大町市,26069
20213,飯山市,19547
20214,茅野市,56500
20215,塩尻市,67302
20217,佐久市,98300
20218,千曲市,58900
20219,東御市,30154
20220,安曇野市,94278
20303,小海町,4357
20304,川上村,4350
20305,南牧村,3272
20306,南相木村,966
20307,北相木村,753
20309,佐久穂町,10217
20321,軽井沢町,19197
20323,御代田町,15563
20324,立科町,6617
20349,青木村,4124
20350,長和町,5606
20361,下諏訪町,19171
20362,富士見町,14108
20363,原村,7684
20382,辰野町,18562
20383,箕輪町,24981
20384,飯島町,9007
20385,南箕輪村,15817
20386,中川村,4649
20388,宮田村,8570
20402,松川町,12539
20403,高森町,12814
20404,阿南町,4302
20407,阿智村,6071
20409,平谷村,389
20410,根羽村,853
20411,下條村,3545
20412,売木村,549
20413,天龍村,1175
20414,泰阜村,1542
20415,喬木村,5977
20416,豊丘村,6430
20417,大鹿村,1021
20422,上松町,4123
20423,南木曽町,3917
20425,木祖村,2694
20429,王滝村,716
20430,大桑村,3439
20432,木曽町,10583
20446,麻績村,2595
20448,生坂村,1640
20450,山形村,8404
20451,朝日村,4282
20452,筑北村,4150
20481,池田町,9388
20482,松川村,9611
20485,白馬村,8585
20486,小谷村,2645
20521,坂城町,14020
20541,小布施町,10661
20543,高山村,6626
20561,山ノ内町,11363
20562,木島平村,4374
20563,野沢温泉村,3278
20583,信濃町,7745
20588,小川村,2225
20590,飯綱町,10300
20602,栄村,1667
21000,岐阜県,1979781
21201,岐阜市,402742
21202,大垣市,158342
21203,高山市,84463
21204,多治見市,106810
21205,関市,85283
21206,中津川市,76658
21207,美濃市,19267
21208,瑞浪市,37175
21209,羽島市,65684
21210,恵那市,47818
21211,美濃加茂市,56718
21212,土岐市,55374
21213,各務原市,144619
21214,可児市,100037
21215,山県市,25291
21216,瑞穂市,56411
21217,飛騨市,22556
21218,本巣市,32940
21219,郡上市,39003
21220,下呂市,30443
21221,海津市,32749
21302,岐南町,25890
21303,笠松町,22220
21341,養老町,26897
21361,垂井町,26419
21362,関ケ原町,6612
21381,神戸町,18587
21382,輪之内町,9664
21383,安八町,14355
21401,揖斐川町,19535
21403,大野町,22048
21404,池田町,23378
21421,北方町,18148
21501,坂祝町,8069
21502,富加町,5627
21503,川辺町,9866
21504,七宗町,3408
21505,八百津町,10201
21506,白川町,7417
21507,東白川村,2017
21521,御嵩町,17529
21604,白川村,1511
22000,静岡県,3635220
22100,静岡市,693759
22101,静岡市葵区,249451
22102,静岡市駿河区,213107
22103,静岡市清水区,231201
22130,浜松市,791155
22131,浜松市中区,235373
22132,浜松市東区,129410
22133,浜松市西区,108198
22134,浜松市南区,99826
22135,浜松市北区,92792
22136,浜松市浜北区,98823
22137,浜松市天竜区,26733
22203,沼津市,189611
22205,熱海市,34233
22206,三島市,107851
22207,富士宮市,128147
22208,伊東市,65529
22209,島田市,95759
22210,富士市,245489
22211,磐田市,166744
22212,焼津市,136891
22213,掛川市,114989
22214,藤枝市,141385
22215,御殿場市,86689
22216,袋井市,87882
22219,下田市,20195
22220,裾野市,50945
22221,湖西市,57907
22222,伊豆市,28264
22223,御前崎市,31117
22224,菊川市,47823
22225,伊豆の国市,46820
22226,牧之原市,43524
22301,東伊豆町,11487
22302,河津町,6884
22304,南伊豆町,7923
22305,松崎町,6039
22306,西伊豆町,7089
22325,函南町,36802
22341,清水町,31720
22342,長泉町,43365
22344,小山町,18585
22424,吉田町,28937
22429,川根本町,6206
22461,森町,17475
23000,愛知県,7546192
23100,名古屋市,2333406
23101,名古屋市千種区,165420
23102,名古屋市東区,84410
23103,名古屋市北区,163282
23104,名古屋市西区,151198
23105,名古屋市中村区,138660
23106,名古屋市中区,93283
23107,名古屋市昭和区,107698
23108,名古屋市瑞穂区,108423
23109,名古屋市熱田区,66956
23110,名古屋市中川区,220738
23111,名古屋市港区,143764
23112,名古屋市南区,134631
23113,名古屋市守山区,176512
23114,名古屋市緑区,248914
23115,名古屋市名東区,164677
23116,名古屋市天白区,164840
23201,豊橋市,372134
23202,岡崎市,384805
23203,一宮市,379981
23204,瀬戸市,127869
23205,半田市,117925
23206,春日井市,308832
23207,豊川市,184659
23208,津島市,60958
23209,碧南市,72528
23210,刈谷市,153926
23211,豊田市,422511
23212,安城市,188512
23213,西尾市,169127
23214,蒲郡市,79501
23215,犬山市,73122
23216,常滑市,58735
23217,江南市,98284
23219,小牧市,149033
23220,稲沢市,134738
23221,新城市,44382
23222,東海市,113838
23223,大府市,93154
23224,知多市,84371
23225,知立市,72248
23226,尾張旭市,83182
23227,高浜市,46064
23228,岩倉市,48003
23229,豊明市,69312
23230,日進市,91566
23231,田原市,59379
23232,愛西市,60839
23233,清須市,67464
23234,北名古屋市,86447
23235,弥富市,43001
23236,みよし市,61965
23237,あま市,86185
23238,長久手市,60112
23302,東郷町,44128
23342,豊山町,15615
23361,大口町,24262
23362,扶桑町,34136
23424,大治町,32403
23425,蟹江町,37351
23427,飛島村,4580
23441,阿久比町,28400
23442,東浦町,49659
23445,南知多町,16621
23446,美浜町,22491
23447,武豊町,43565
23501,幸田町,42479
23561,設楽町,4445
23562,東栄町,2942
23563,豊根村,1017
24000,三重県,1771440
24201,津市,274759
24202,四日市市,305744
24203,伊勢市,122855
24204,松阪市,159231
24205,桑名市,138671
24207,鈴鹿市,195742
24208,名張市,76414
24209,尾鷲市,16257
24210,亀山市,49878
24211,鳥羽市,17537
24212,熊野市,15966
24214,いなべ市,45000
24215,志摩市,46104
24216,伊賀市,88863
24303,木曽岬町,6020
24324,東員町,25791
24341,菰野町,40571
24343,朝日町,11022
24344,川越町,15131
24441,多気町,14017
24442,明和町,22473
24443,大台町,8675
24461,玉城町,15044
24470,度会町,7852
24471,大紀町,7822
24472,南伊勢町,10979
24543,紀北町,14618
24561,御浜町,8081
24562,紀宝町,10323
25000,滋賀県,1414248
25201,大津市,345202
25202,彦根市,113693
25203,長浜市,113719
25204,近江八幡市,81170
25206,草津市,143958
25207,守山市,83271
25208,栗東市,68879
25209,甲賀市,88417
25210,野洲市,50541
25211,湖南市,54492
25212,高島市,46379
25213,東近江市,112872
25214,米原市,37201
25383,日野町,20975
25384,竜王町,11797
25425,愛荘町,20895
25441,豊郷町,7139
25442,甲良町,6365
25443,多賀町,7283
26000,京都府,2579921
26100,京都市,1464890
26101,京都市北区,117252
26102,京都市上京区,83949
26103,京都市左京区,166254
26104,京都市中京区,110557
26105,京都市東山区,36651
26106,京都市下京区,82811
26107,京都市南区,102034
26108,京都市右京区,202193
26109,京都市伏見区,278131
26110,京都市山科区,135194
26111,京都市西京区,149864
26201,福知山市,77349
26202,舞鶴市,80383
26203,綾部市,31878
26204,宇治市,179783
26205,宮津市,16769
26206,亀岡市,86197
26207,城陽市,74643
26208,向日市,56882
26209,長岡京市,80649
26210,八幡市,70479
26211,京田辺市,73773
26212,京丹後市,50867
26213,南丹市,31650
26214,木津川市,77960
26303,大山崎町,15970
26322,久御山町,15280
26343,井手町,7411
26344,宇治田原町,8923
26364,笠置町,1142
26365,和束町,3483
26366,精華町,36220
26367,南山城村,2390
26407,京丹波町,12913
26463,伊根町,1930
26465,与謝野町,20107
27000,大阪府,8842523
27100,大阪市,2754742
27102,大阪市都島区,107986
27103,大阪市福島区,79397
27104,大阪市此花区,65304
27106,大阪市西区,105891
27107,大阪市港区,81001
27108,大阪市大正区,62149
27109,大阪市天王寺区,82216
27111,大阪市浪速区,75628
27113,大阪市西淀川区,95957
27114,大阪市東淀川区,177286
27115,大阪市東成区,85024
27116,大阪市生野区,127479
27117,大阪市旭区,89755
27118,大阪市城東区,169135
27119,大阪市阿倍野区,111141
27120,大阪市住吉区,153225
27121,大阪市東住吉区,127960
27122,大阪市西成区,106219
27123,大阪市淀川区,183586
27124,大阪市鶴見区,112754
27125,大阪市住之江区,120157
27126,大阪市平野区,192211
27127,大阪市北区,139502
27128,大阪市中央区,103779
27140,堺市,826447
27141,堺市堺区,148801
27142,堺市中区,121277
27143,堺市東区,85072
27144,堺市西区,135462
27145,堺市南区,138519
27146,堺市北区,159688
27147,堺市美原区,37628
27202,岸和田市,190796
27203,豊中市,401818
27204,池田市,105017
27205,吹田市,385787
27206,泉大津市,74431
27207,高槻市,352876
27208,貝塚市,84463
27209,守口市,143063
27210,枚方市,397596
27211,茨木市,288014
27212,八尾市,264654
27213,泉佐野市,100182
27214,富田林市,108768
27215,寝屋川市,229749
27216,河内長野市,101764
27217,松原市,117611
27218,大東市,119184
27219,和泉市,184634
27220,箕面市,136954
27221,柏原市,68789
27222,羽曳野市,108872
27223,門真市,119807
27224,摂津市,87497
27225,高石市,55599
27226,藤井寺市,63714
27227,東大阪市,494074
27228,泉南市,60139
27229,四條畷市,55198
27230,交野市,75077
27231,大阪狭山市,58486
27232,阪南市,51262
27301,島本町,30899
27321,豊能町,18284
27322,能勢町,9062
27341,忠岡町,16571
27361,熊取町,43796
27362,田尻町,8438
27366,岬町,14787
27381,太子町,13001
27382,河南町,15718
27383,千早赤阪村,4903
28000,兵庫県,5469184
28100,神戸市,1527022
28101,神戸市東灘区,213773
28102,神戸市灘区,136854
28105,神戸市兵庫区,109270
28106,神戸市長田区,94933
28107,神戸市須磨区,158888
28108,神戸市垂水区,215562
28109,神戸市北区,210747
28110,神戸市中央区,147715
28111,神戸市西区,239280
28201,姫路市,530723
28202,尼崎市,459717
28203,明石市,303838
28204,西宮市,485705
28205,洲本市,41329
28206,芦屋市,94038
28207,伊丹市,198244
28208,相生市,28374
28209,豊岡市,77519
28210,加古川市,260988
28212,赤穂市,45921
28213,西脇市,38714
28214,宝塚市,226658
28215,三木市,75373
28216,高砂市,87758
28217,川西市,152473
28218,小野市,47591
28219,三田市,109324
28220,加西市,42750
28221,丹波篠山市,39637
28222,養父市,22137
28223,丹波市,61511
28224,南あわじ市,44180
28225,朝来市,29002
28226,淡路市,42028
28227,宍粟市,34852
28228,加東市,40683
28229,たつの市,74355
28301,猪名川町,29703
28365,多可町,19284
28381,稲美町,30268
28382,播磨町,33561
28442,市川町,11239
28443,福崎町,19376
28446,神河町,10633
28464,太子町,33498
28481,上郡町,13896
28501,佐用町,15885
28585,香美町,16069
28586,新温泉町,13328
29000,奈良県,1325437
29201,奈良市,354833
29202,大和高田市,61779
29203,大和郡山市,83276
29204,天理市,63941
29205,橿原市,120972
29206,桜井市,54870
29207,五條市,27947
29208,御所市,24113
29209,生駒市,116951
29210,香芝市,78148
29211,葛城市,36845
29212,宇陀市,28144
29322,山添村,3227
29342,平群町,18025
29343,三郷町,23233
29344,斑鳩町,27611
29345,安堵町,7225
29361,川西町,8165
29362,三宅町,6443
29363,田原本町,31213
29385,曽爾村,1294
29386,御杖村,1480
29401,高取町,6736
29402,明日香村,5237
29424,上牧町,21715
29425,王寺町,24054
29426,広陵町,33842
29427,河合町,17032
29441,吉野町,6232
29442,大淀町,16728
29443,下市町,5042
29444,黒滝村,626
29446,天川村,1179
29447,野迫川村,358
29449,十津川村,3063
29450,下北山村,751
29451,上北山村,446
29452,川上村,1159
29453,東吉野村,1502
30000,和歌山県,923033
30201,和歌山市,356858
30202,海南市,48400
30203,橋本市,60863
30204,有田市,26553
30205,御坊市,23488
30206,田辺市,69906
30207,新宮市,27187
30208,紀の川市,58856
30209,岩出市,53993
30304,紀美野町,8264
30341,かつらぎ町,15990
30343,九度山町,3859
30344,高野町,2969
30361,湯浅町,11117
30362,広川町,6785
30366,有田川町,25274
30381,美浜町,6866
30382,日高町,7673
30383,由良町,5373
30390,印南町,7722
30391,みなべ町,11823
30392,日高川町,9223
30401,白浜町,20270
30404,上富田町,15240
30406,すさみ町,3687
30421,那智勝浦町,14144
30422,太地町,2797
30424,古座川町,2480
30427,北山村,404
30428,串本町,14969
31000,鳥取県,553847
31201,鳥取市,188614
31202,米子市,147421
31203,倉吉市,46526
31204,境港市,32760
31302,岩美町,10811
31325,若桜町,2868
31328,智頭町,6436
31329,八頭町,15945
31364,三朝町,6068
31370,湯梨浜町,16062
31371,琴浦町,16373
31372,北栄町,14238
31384,日吉津村,3504
31386,大山町,15405
31389,南部町,10319
31390,伯耆町,10710
31401,日南町,4199
31402,日野町,2909
31403,江府町,2679
32000,島根県,671602
32201,松江市,203779
32202,浜田市,54622
32203,出雲市,172887
32204,益田市,45039
32205,大田市,32866
32206,安来市,37113
32207,江津市,22979
32209,雲南市,36024
32343,奥出雲町,11859
32386,飯南町,4577
32441,川本町,3251
32448,美郷町,4355
32449,邑南町,10166
32501,津和野町,6879
32505,吉賀町,6079
32525,海士町,2267
32526,西ノ島町,2788
32527,知夫村,634
32528,隠岐の島町,13438
33000,岡山県,1889607
33100,岡山市,725108
33101,岡山市北区,314685
33102,岡山市中区,149328
33103,岡山市東区,93179
33104,岡山市南区,167916
33202,倉敷市,474793
33203,津山市,99994
33204,玉野市,56582
33205,笠岡市,46134
33207,井原市,38406
33208,総社市,69106
33209,高梁市,29101
33210,新見市,28113
33211,備前市,32345
33212,瀬戸内市,36054
33213,赤磐市,42686
33214,真庭市,42766
33215,美作市,25963
33216,浅口市,32810
33346,和気町,13634
33423,早島町,12376
33445,里庄町,10960
33461,矢掛町,13423
33586,新庄村,816
33606,鏡野町,12068
33622,勝央町,10894
33623,奈義町,5582
33643,西粟倉村,1400
33663,久米南町,4534
33666,美咲町,13065
33681,吉備中央町,10894
34000,広島県,2801388
34100,広島市,1201281
34101,広島市中区,142746
34102,広島市東区,119397
34103,広島市南区,145889
34104,広島市西区,190327
34105,広島市安佐南区,247118
34106,広島市安佐北区,139040
34107,広島市安芸区,77127
34108,広島市佐伯区,139637
34202,呉市,214717
34203,竹原市,24017
34204,三原市,90648
34205,尾道市,131243
34207,福山市,461268
34208,府中市,37677
34209,三次市,50722
34210,庄原市,33721
34211,大竹市,26326
34212,東広島市,196755
34213,廿日市市,114253
34214,安芸高田市,26463
34215,江田島市,21937
34302,府中町,51193
34304,海田町,29646
34307,熊野町,22844
34309,坂町,12592
34368,安芸太田町,5744
34369,北広島町,17778
34431,大崎上島町,7161
34462,世羅町,15143
34545,神石高原町,8259
35000,山口県,1342987
35201,下関市,255199
35202,宇部市,162707
35203,山口市,194110
35204,萩市,44661
35206,防府市,114038
35207,下松市,55960
35208,岩国市,129226
35210,光市,49821
35211,長門市,32537
35212,柳井市,30821
35213,美祢市,23267
35215,周南市,137607
35216,山陽小野田市,60367
35305,周防大島町,14810
35321,和木町,6036
35341,上関町,2343
35343,田布施町,14498
35344,平生町,11921
35502,阿武町,3058
36000,徳島県,719704
36201,徳島市,252364
36202,鳴門市,54664
36203,小松島市,36191
36204,阿南市,69519
36205,吉野川市,38783
36206,阿波市,34761
36207,美馬市,28094
36208,三好市,23608
36301,勝浦町,4833
36302,上勝町,1383
36321,佐那河内村,2060
36341,石井町,24859
36342,神山町,4652
36368,那賀町,7370
36383,牟岐町,3747
36387,美波町,6217
36388,海陽町,8363
36401,松茂町,14582
36402,北島町,22777
36403,藍住町,35255
36404,板野町,13054
36405,上板町,11269
36468,つるぎ町,7723
36489,東みよし町,13576
37000,香川県,951049
37201,高松市,417803
37202,丸亀市,109589
37203,坂出市,50683
37204,善通寺市,31643
37205,観音寺市,57503
37206,さぬき市,47043
37207,東かがわ市,28300
37208,三豊市,61917
37322,土庄町,12856
37324,小豆島町,13889
37341,三木町,26925
37364,直島町,3106
37386,宇多津町,18704
37387,綾川町,22714
37403,琴平町,8476
37404,多度津町,22459
37406,まんのう町,17439
38000,愛媛県,1335694
38201,松山市,511569
38202,今治市,151756
38203,宇和島市,70820
38204,八幡浜市,31995
38205,新居浜市,116005
38206,西条市,104879
38207,大洲市,40566
38210,伊予市,35161
38213,四国中央市,82849
38214,西予市,35411
38215,東温市,33917
38356,上島町,6510
38386,久万高原町,7413
38401,松前町,29646
38402,砥部町,20491
38422,内子町,15333
38442,伊方町,8401
38484,松野町,3681
38488,鬼北町,9685
38506,愛南町,19606
39000,高知県,692065
39201,高知市,326814
39202,室戸市,11744
39203,安芸市,16258
39204,南国市,46702
39205,土佐市,25762
39206,須崎市,20603
39208,宿毛市,19044
39209,土佐清水市,12388
39210,四万十市,32719
39211,香南市,32229
39212,香美市,26556
39301,東洋町,2193
39302,奈半利町,3036
39303,田野町,2498
39304,安田町,2373
39305,北川村,1146
39306,馬路村,747
39307,芸西村,3696
39341,本山町,3264
39344,大豊町,3256
39363,土佐町,3750
39364,大川村,366
39386,いの町,21394
39387,仁淀川町,4824
39401,中土佐町,6002
39402,佐川町,12336
39403,越知町,5191
39405,檮原町,3308
39410,日高村,4826
39411,津野町,5297
39412,四万十町,15596
39424,大月町,4432
39427,三原村,1440
39428,黒潮町,10275
40000,福岡県,5138891
40100,北九州市,939622
40101,北九州市門司区,93899
40103,北九州市若松区,80597
40105,北九州市戸畑区,57538
40106,北九州市小倉北区,183517
40107,北九州市小倉南区,209141
40108,北九州市八幡東区,64858
40109,北九州市八幡西区,250072
40130,福岡市,1613361
40131,福岡市東区,322683
40132,福岡市博多区,252153
40133,福岡市中央区,205610
40134,福岡市南区,265753
40135,福岡市西区,212729
40136,福岡市城南区,132947
40137,福岡市早良区,221486
40202,大牟田市,111379
40203,久留米市,303496
40204,直方市,56287
40205,飯塚市,126486
40206,田川市,46235
40207,柳川市,64540
40210,八女市,60653
40211,筑後市,48867
40212,大川市,33010
40213,行橋市,71501
40214,豊前市,24411
40215,中間市,40373
40216,小郡市,59408
40217,筑紫野市,103374
40218,春日市,111097
40219,大野城市,102172
40220,宗像市,97158
40221,太宰府市,73286
40223,古賀市,58831
40224,福津市,67141
40225,うきは市,28012
40226,宮若市,26327
40227,嘉麻市,35515
40228,朝倉市,50342
40229,みやま市,35908
40230,糸島市,98945
40231,那珂川市,50142
40341,宇美町,37701
40342,篠栗町,31228
40343,志免町,46390
40344,須恵町,28646
40345,新宮町,32945
40348,久山町,9079
40349,粕屋町,48216
40381,芦屋町,13561
40382,水巻町,28138
40383,岡垣町,31027
40384,遠賀町,18736
40401,小竹町,7152
40402,鞍手町,15094
40421,桂川町,12895
40447,筑前町,29615
40448,東峰村,1904
40503,大刀洗町,15529
40522,大木町,13824
40544,広川町,19988
40601,香春町,10198
40602,添田町,8805
40604,糸田町,8414
40605,川崎町,15190
40608,大任町,5013
40609,赤村,2776
40610,福智町,21424
40621,苅田町,37691
40625,みやこ町,18838
40642,吉富町,6539
40646,上毛町,7254
40647,築上町,17202
41000,佐賀県,812013
41201,佐賀市,233466
41202,唐津市,117431
41203,鳥栖市,74258
41204,多久市,18304
41205,伊万里市,52651
41206,武雄市,47962
41207,鹿島市,27915
41208,小城市,43976
41209,嬉野市,25867
41210,神埼市,31046
41327,吉野ヶ里町,16330
41341,基山町,17256
41345,上峰町,9295
41346,みやき町,25531
41387,玄海町,5609
41401,有田町,19028
41423,大町町,6305
41424,江北町,9573
41425,白石町,22084
41441,太良町,8126
42000,長崎県,1313103
42201,長崎市,409305
42202,佐世保市,243387
42203,島原市,43360
42204,諫早市,133957
42205,大村市,95452
42207,平戸市,29375
42208,松浦市,21284
42209,対馬市,28511
42210,壱岐市,24974
42211,五島市,34400
42212,西海市,26296
42213,雲仙市,41131
42214,南島原市,42360
42307,長与町,40800
42308,時津町,29356
42321,東彼杵町,7734
42322,川棚町,13394
42323,波佐見町,14302
42383,小値賀町,2291
42391,佐々町,13923
42411,新上五島町,17511
43000,熊本県,1739211
43100,熊本市,738744
43101,熊本市中央区,187475
43102,熊本市東区,189389
43103,熊本市西区,91143
43104,熊本市南区,130914
43105,熊本市北区,139823
43202,八代市,123146
43203,人吉市,31334
43204,荒尾市,50878
43205,水俣市,23580
43206,玉名市,64367
43208,山鹿市,49082
43210,菊池市,46473
43211,宇土市,36192
43212,上天草市,24584
43213,宇城市,57075
43214,阿蘇市,24966
43215,天草市,75826
43216,合志市,61829
43348,美里町,9406
43364,玉東町,5047
43367,南関町,8968
43368,長洲町,15383
43369,和水町,9347
43403,大津町,35212
43404,菊陽町,43376
43423,南小国町,3737
43424,小国町,6599
43425,産山村,1384
43428,高森町,5787
43432,西原村,6430
43433,南阿蘇村,9843
43441,御船町,16314
43442,嘉島町,9553
43443,益城町,32529
43444,甲佐町,10139
43447,山都町,13521
43468,氷川町,11101
43482,芦北町,15688
43484,津奈木町,4255
43501,錦町,10292
43505,多良木町,9082
43506,湯前町,3627
43507,水上村,2033
43510,相良村,4103
43511,五木村,932
43512,山江村,3239
43513,球磨村,2438
43514,あさぎり町,14685
43531,苓北町,7085
44000,大分県,1124597
44201,大分市,475852
44202,別府市,115416
44203,中津市,82911
44204,日田市,62697
44205,佐伯市,66908
44206,臼杵市,36176
44207,津久見市,16109
44208,竹田市,20357
44209,豊後高田市,22142
44210,杵築市,28025
44211,宇佐市,52810
44212,豊後大野市,33741
44213,由布市,32787
44214,国東市,26246
44322,姫島村,1726
44341,日出町,27747
44461,九重町,8548
44462,玖珠町,14399
45000,宮崎県,1070213
45201,宮崎市,401591
45202,都城市,160736
45203,延岡市,118450
45204,日南市,50891
45205,小林市,43718
45206,日向市,59647
45207,串間市,16828
45208,西都市,28643
45209,えびの市,17645
45341,三股町,25595
45361,高原町,8646
45382,国富町,18410
45383,綾町,6938
45401,高鍋町,19928
45402,新富町,16571
45403,西米良村,1000
45404,木城町,4898
45405,川南町,15196
45406,都農町,9913
45421,門川町,17387
45429,諸塚村,1486
45430,椎葉村,2506
45431,美郷町,4828
45441,高千穂町,11649
45442,日之影町,3637
45443,五ヶ瀬町,3476
46000,鹿児島県,1589206
46201,鹿児島市,593460
46203,鹿屋市,101204
46204,枕崎市,20052
46206,阿久根市,19289
46208,出水市,52016
46210,指宿市,39045
46213,西之表市,14701
46214,垂水市,13817
46215,薩摩川内市,92459
46216,日置市,47166
46217,曽於市,33312
46218,霧島市,123205
46219,いちき串木野市,27511
46220,南さつま市,32894
46221,志布志市,29343
46222,奄美市,41416
46223,南九州市,33118
46224,伊佐市,24461
46225,姶良市,76405
46303,三島村,405
46304,十島村,740
46392,さつま町,20272
46404,長島町,9719
46452,湧水町,9130
46468,大崎町,12385
46482,東串良町,6236
46490,錦江町,6944
46491,南大隅町,6482
46492,肝付町,14237
46501,中種子町,7538
46502,南種子町,5445
46505,屋久島町,11869
46523,大和村,1366
46524,宇検村,1621
46525,瀬戸内町,8558
46527,龍郷町,5820
46529,喜界町,6628
46530,徳之島町,10161
46531,天城町,5524
46532,伊仙町,6139
46533,和泊町,6246
46534,知名町,5748
46535,与論町,5119
47000,沖縄県,1468410
47201,那覇市,317832
47205,宜野湾市,100192
47207,石垣市,47675
47208,浦添市,115741
47209,名護市,63564
47210,糸満市,61025
47211,沖縄市,142840
47212,豊見城市,64640
47213,うるま市,125406
47214,宮古島市,52962
47215,南城市,44071
47301,国頭村,4521
47302,大宜味村,3104
47303,東村,1599
47306,今帰仁村,8904
47308,本部町,12543
47311,恩納村,10885
47313,宜野座村,5837
47314,金武町,10828
47315,伊江村,4123
47324,読谷村,41240
47325,嘉手納町,13531
47326,北谷町,28223
47327,北中城村,17984
47328,中城村,22173
47329,西原町,34996
47348,与那原町,19705
47350,南風原町,40458
47353,渡嘉敷村,717
47354,座間味村,892
47355,粟国村,681
47356,渡名喜村,348
47357,南大東村,1289
47358,北大東村,590
47359,伊平屋村,1128
47360,伊是名村,1324
47361,久米島町,7201
47362,八重瀬町,30958
47375,多良間村,1058
47381,竹富町,3946
47382,与那国町,1676
